id,Cod IBGE,UF,Município,População Estimada - 2017
1,2700102,AL,ÁGUA BRANCA,20467
2,2700300,AL,ARAPIRACA,234185
3,2700706,AL,BATALHA,18757
4,2700904,AL,BELO MONTE,6797
5,2701209,AL,CACIMBINHAS,10897
6,2701605,AL,CANAPI,17983
7,2701803,AL,CARNEIROS,9155
8,2702009,AL,COITÉ DO NÓIA,10888
9,2702355,AL,CRAÍBAS,24510
10,2702405,AL,DELMIRO GOUVEIA,52597
11,2702504,AL,DOIS RIACHOS,11214
12,2702553,AL,ESTRELA DE ALAGOAS,18435
13,2702900,AL,GIRAU DO PONCIANO,41279
14,2703106,AL,IGACI,26022
15,2703304,AL,INHAPI,18652
16,2703403,AL,JACARÉ DOS HOMENS,5356
17,2703700,AL,JARAMATAIA,5676
18,2704104,AL,LAGOA DA CANOA,18175
19,2704401,AL,MAJOR ISIDORO,20200
20,2704609,AL,MARAVILHA,9418
21,2705002,AL,MATA GRANDE,25589
22,2705309,AL,MINADOR DO NEGRÃO,5413
23,2705408,AL,MONTEIRÓPOLIS,7260
24,2705705,AL,OLHO D'ÁGUA DAS FLORES,21767
25,2705804,AL,OLHO D'ÁGUA DO CASADO,9459
26,2706000,AL,OLIVENÇA,11772
27,2706109,AL,OURO BRANCO,11635
28,2706208,AL,PALESTINA,5066
29,2706307,AL,PALMEIRA DOS ÍNDIOS,74208
30,2706406,AL,PÃO DE AÇÚCAR,24792
31,2706422,AL,PARICONHA,10684
32,2707107,AL,PIRANHAS,25298
33,2707206,AL,POÇO DAS TRINCHEIRAS,14575
34,2707602,AL,QUEBRANGULO,11496
35,2708006,AL,SANTANA DO IPANEMA,48232
36,2708402,AL,SÃO JOSÉ DA TAPERA,32626
37,2708956,AL,SENADOR RUI PALMEIRA,14036
38,2709202,AL,TRAIPU,28070
39,2900108,BA,ABAÍRA,9199
40,2900207,BA,ABARÉ,20189
41,2900355,BA,ADUSTINA,17349
42,2900405,BA,ÁGUA FRIA,17508
43,2901007,BA,AMARGOSA,38259
44,2901155,BA,AMÉRICA DOURADA,16798
45,2901205,BA,ANAGÉ,19568
46,2901304,BA,ANDARAÍ,13737
47,2901353,BA,ANDORINHA,15490
48,2901403,BA,ANGICAL,14690
49,2901502,BA,ANGUERA,11481
50,2901601,BA,ANTAS,19569
51,2901700,BA,ANTÔNIO CARDOSO,12208
52,2901809,BA,ANTÔNIO GONÇALVES,12072
53,2902005,BA,ARACATU,13962
54,2902104,BA,ARACI,55935
55,2902500,BA,BAIANÓPOLIS,14323
56,2902609,BA,BAIXA GRANDE,21403
57,2902658,BA,BANZAÊ,13765
58,2902708,BA,BARRA,54915
59,2902807,BA,BARRA DA ESTIVA,22082
60,2902906,BA,BARRA DO CHOÇA,34121
61,2903003,BA,BARRA DO MENDES,14560
62,2903201,BA,BARREIRAS,157638
63,2903235,BA,BARRO ALTO,15217
64,2903276,BA,BARROCAS,16296
65,2903508,BA,BELO CAMPO,18247
66,2903607,BA,BIRITINGA,16653
67,2903706,BA,BOA NOVA,14069
68,2903805,BA,BOA VISTA DO TUPIM,19502
69,2903904,BA,BOM JESUS DA LAPA,70618
70,2903953,BA,BOM JESUS DA SERRA,10477
71,2904001,BA,BONINAL,14760
72,2904050,BA,BONITO,17131
73,2904100,BA,BOQUIRA,22464
74,2904209,BA,BOTUPORÃ,10898
75,2904308,BA,BREJÕES,15122
76,2904407,BA,BREJOLÂNDIA,10833
77,2904506,BA,BROTAS DE MACAÚBAS,10974
78,2904605,BA,BRUMADO,69677
79,2904753,BA,BURITIRAMA,21786
80,2904803,BA,CAATIBA,7841
81,2904852,BA,CABACEIRAS DO PARAGUAÇU,19312
82,2905008,BA,CACULÉ,23817
83,2905107,BA,CAÉM,10058
84,2905156,BA,CAETANOS,16106
85,2905206,BA,CAETITÉ,52853
86,2905305,BA,CAFARNAUM,19006
87,2905503,BA,CALDEIRÃO GRANDE,13713
88,2905909,BA,CAMPO ALEGRE DE LOURDES,30048
89,2906006,BA,CAMPO FORMOSO,73448
90,2906105,BA,CANÁPOLIS,10151
91,2906204,BA,CANARANA,26862
92,2906402,BA,CANDEAL,8837
93,2906600,BA,CANDIBA,14792
94,2906709,BA,CÂNDIDO SALES,26674
95,2906808,BA,CANSANÇÃO,36191
96,2906824,BA,CANUDOS,17316
97,2906857,BA,CAPELA DO ALTO ALEGRE,12199
98,2906873,BA,CAPIM GROSSO,31392
99,2906899,BA,CARAÍBAS,9773
100,2907103,BA,CARINHANHA,30118
101,2907202,BA,CASA NOVA,73382
102,2907301,BA,CASTRO ALVES,27238
103,2907558,BA,CATURAMA,9764
104,2907608,BA,CENTRAL,17969
105,2907707,BA,CHORROCHÓ,11591
106,2907806,BA,CÍCERO DANTAS,34676
107,2907905,BA,CIPÓ,17739
108,2908101,BA,COCOS,19498
109,2908408,BA,CONCEIÇÃO DO COITÉ,68303
110,2908705,BA,CONDEÚBA,18191
111,2908804,BA,CONTENDAS DO SINCORÁ,4299
112,2909000,BA,CORDEIROS,8904
113,2909109,BA,CORIBE,14933
114,2909208,BA,CORONEL JOÃO SÁ,16814(3)
115,2909406,BA,COTEGIPE,14414
116,2909505,BA,CRAVOLÂNDIA,5576
117,2909604,BA,CRISÓPOLIS,21835
118,2909703,BA,CRISTÓPOLIS,14403
119,2909901,BA,CURAÇÁ,35524
120,2910107,BA,DOM BASÍLIO,12604
121,2910305,BA,ELÍSIO MEDRADO,8461
122,2910404,BA,ENCRUZILHADA,19376
123,2900504,BA,ÉRICO CARDOSO,11212
124,2910701,BA,EUCLIDES DA CUNHA,61924
125,2910750,BA,FÁTIMA,18443
126,2910776,BA,FEIRA DA MATA,5922
127,2910800,BA,FEIRA DE SANTANA,627477
128,2910859,BA,FILADÉLFIA,17176
129,2911105,BA,FORMOSA DO RIO PRETO,25912
130,2911253,BA,GAVIÃO,4725
131,2911303,BA,GENTIO DO OURO,11639
132,2911402,BA,GLÓRIA,15840
133,2911659,BA,GUAJERU,8081
134,2911709,BA,GUANAMBI,86808
135,2911857,BA,HELIÓPOLIS,13718
136,2911907,BA,IAÇU,25884
137,2912004,BA,IBIASSUCÊ,10183
138,2912202,BA,IBICOARA,19786
139,2912400,BA,IBIPEBA,18678
140,2912509,BA,IBIPITANGA,15413
141,2912608,BA,IBIQUERA,4214
142,2913002,BA,IBITIARA,16855
143,2913101,BA,IBITITÁ,17948
144,2913200,BA,IBOTIRAMA,27862
145,2913309,BA,ICHU,6437
146,2913408,BA,IGAPORÃ,16283
147,2913507,BA,IGUAÍ,27939
148,2913705,BA,INHAMBUPE,40453
149,2913804,BA,IPECAETÁ,15499
150,2914000,BA,IPIRÁ,62631
151,2914109,BA,IPUPIARA,10157
152,2914208,BA,IRAJUBA,7521
153,2914307,BA,IRAMAIA,9901
154,2914406,BA,IRAQUARA,25536
155,2914604,BA,IRECÊ,74483
156,2914703,BA,ITABERABA,66806
157,2915007,BA,ITAETÉ,16586
158,2915106,BA,ITAGI,13199
159,2915353,BA,ITAGUAÇU DA BAHIA,14718
160,2915809,BA,ITAMBÉ,24901
161,2916401,BA,ITAPETINGA,77533
162,2916500,BA,ITAPICURU,36211
163,2916708,BA,ITAQUARA,8592
164,2916807,BA,ITARANTIM,20314
165,2916856,BA,ITATIM,14957
166,2916906,BA,ITIRUÇU,13254
167,2917003,BA,ITIÚBA,37567
168,2917102,BA,ITORORÓ,21241
169,2917201,BA,ITUAÇU,19577
170,2917334,BA,IUIU,11399
171,2917409,BA,JACARACI,15459
172,2917508,BA,JACOBINA,83635
173,2917607,BA,JAGUAQUARA,56033
174,2917706,BA,JAGUARARI,34499
175,2918001,BA,JEQUIÉ,162209
176,2918100,BA,JEREMOABO,41605
177,2918357,BA,JOÃO DOURADO,25646
178,2918407,BA,JUAZEIRO,221773
179,2918506,BA,JUSSARA,16006
180,2918605,BA,JUSSIAPE,7066
181,2918704,BA,LAFAIETE COUTINHO,3975
182,2918753,BA,LAGOA REAL,16029
183,2919009,BA,LAJEDINHO,4017
184,2919058,BA,LAJEDO DO TABOCAL,8886
185,2919108,BA,LAMARÃO,9007
186,2919157,BA,LAPÃO,28244
187,2919306,BA,LENÇÓIS,11636
188,2919405,BA,LICÍNIO DE ALMEIDA,12969
189,2919504,BA,LIVRAMENTO DE NOSSA SENHORA,46739
190,2919603,BA,MACAJUBA,11879
191,2919702,BA,MACARANI,19110
192,2919801,BA,MACAÚBAS,50987
193,2919900,BA,MACURURÉ,8266
194,2919959,BA,MAETINGA,4456
195,2920007,BA,MAIQUINIQUE,10274
196,2920106,BA,MAIRI,19695
197,2920205,BA,MALHADA,17526
198,2920304,BA,MALHADA DE PEDRAS,8856
199,2920403,BA,MANOEL VITORINO,14251
200,2920452,BA,MANSIDÃO,13959
201,2920502,BA,MARACÁS,23018
202,2920809,BA,MARCIONÍLIO SOUZA,10931
203,2921054,BA,MATINA,12488
204,2921203,BA,MIGUEL CALMON,27520
205,2921302,BA,MILAGRES,11585
206,2921401,BA,MIRANGABA,18729
207,2921450,BA,MIRANTE,9578
208,2921500,BA,MONTE SANTO,51953
209,2921609,BA,MORPARÁ,8950
210,2921708,BA,MORRO DO CHAPÉU,36856
211,2921807,BA,MORTUGABA,12529
212,2921906,BA,MUCUGÊ,9957
213,2922052,BA,MULUNGU DO MORRO,11988
214,2922102,BA,MUNDO NOVO,27364
215,2922250,BA,MUQUÉM DO SÃO FRANCISCO,11644
216,2922656,BA,NORDESTINA,13597
217,2922706,BA,NOVA CANAÃ,17141
218,2922730,BA,NOVA FÁTIMA,8119
219,2922805,BA,NOVA ITARANA,8428
220,2922854,BA,NOVA REDENÇÃO,9500
221,2922904,BA,NOVA SOURE,25460
222,2923035,BA,NOVO HORIZONTE,12514
223,2923050,BA,NOVO TRIUNFO,16037
224,2923100,BA,OLINDINA,29227
225,2923209,BA,OLIVEIRA DOS BREJINHOS,22805
226,2923357,BA,OUROLÂNDIA,18025
227,2923407,BA,PALMAS DE MONTE ALTO,22553
228,2923506,BA,PALMEIRAS,9250
229,2923605,BA,PARAMIRIM,22286
230,2923704,BA,PARATINGA,32967
231,2923803,BA,PARIPIRANGA,30075
232,2924009,BA,PAULO AFONSO,120706
233,2924058,BA,PÉ DE SERRA,14226
234,2924207,BA,PEDRO ALEXANDRE,18209
235,2924306,BA,PIATÃ,18267
236,2924405,BA,PILÃO ARCADO,35740
237,2924504,BA,PINDAÍ,16889
238,2924603,BA,PINDOBAÇU,21171
239,2924652,BA,PINTADAS,11012
240,2924702,BA,PIRIPÁ,11849
241,2924801,BA,PIRITIBA,25211
242,2924900,BA,PLANALTINO,9582
243,2925006,BA,PLANALTO,26915
244,2925105,BA,POÇÕES,48861
245,2925253,BA,PONTO NOVO,15830
246,2925402,BA,POTIRAGUÁ,8438
247,2925600,BA,PRESIDENTE DUTRA,15734
248,2925709,BA,PRESIDENTE JÂNIO QUADROS,13334
249,2925808,BA,QUEIMADAS,26552
250,2925907,BA,QUIJINGUE,28632
251,2925931,BA,QUIXABEIRA,9411
252,2925956,BA,RAFAEL JAMBEIRO,23562
253,2926004,BA,REMANSO,42672
254,2926103,BA,RETIROLÂNDIA,14730
255,2926202,BA,RIACHÃO DAS NEVES,23313
256,2926301,BA,RIACHÃO DO JACUÍPE,34784
257,2926400,BA,RIACHO DE SANTANA,36439
258,2926509,BA,RIBEIRA DO AMPARO,15443
259,2926608,BA,RIBEIRA DO POMBAL,54965
260,2926657,BA,RIBEIRÃO DO LARGO,7437
261,2926707,BA,RIO DE CONTAS,13712
262,2926806,BA,RIO DO ANTÔNIO,15804
263,2926905,BA,RIO DO PIRES,12130
264,2927101,BA,RODELAS,9405
265,2927200,BA,RUY BARBOSA,32009
266,2927507,BA,SANTA BÁRBARA,21415
267,2927606,BA,SANTA BRÍGIDA,14976
268,2927903,BA,SANTA INÊS,11161
269,2928109,BA,SANTA MARIA DA VITÓRIA,41769
270,2928406,BA,SANTA RITA DE CÁSSIA,29146
271,2928505,BA,SANTA TEREZINHA,10682
272,2928000,BA,SANTALUZ,38422
273,2928208,BA,SANTANA,27492
274,2928307,BA,SANTANÓPOLIS,9263
275,2928802,BA,SANTO ESTÊVÃO,53898
276,2928950,BA,SÃO DOMINGOS,9404
277,2929057,BA,SÃO FÉLIX DO CORIBE,15825
278,2929255,BA,SÃO GABRIEL,19613
279,2929370,BA,SÃO JOSÉ DO JACUÍPE,10784
280,2929701,BA,SÁTIRO DIAS,20429
281,2929800,BA,SAÚDE,13385
282,2929909,BA,SEABRA,45568
283,2930006,BA,SEBASTIÃO LARANJEIRAS,11696
284,2930105,BA,SENHOR DO BONFIM,81218
285,2930204,BA,SENTO SÉ,41891
286,2930154,BA,SERRA DO RAMALHO,32991
287,2930303,BA,SERRA DOURADA,18320
288,2930402,BA,SERRA PRETA,16036
289,2930501,BA,SERRINHA,83088
290,2930600,BA,SERROLÂNDIA,13832
291,2930758,BA,SÍTIO DO MATO,13437
292,2930766,BA,SÍTIO DO QUINTO,11283
293,2930774,BA,SOBRADINHO,23713
294,2930808,BA,SOUTO SOARES,17503
295,2930907,BA,TABOCAS DO BREJO VELHO,13057
296,2931004,BA,TANHAÇU,21315
297,2931053,BA,TANQUE NOVO,17884
298,2931103,BA,TANQUINHO,8232
299,2931301,BA,TAPIRAMUTÁ,17845
300,2931509,BA,TEOFILÂNDIA,23378
301,2931806,BA,TREMEDAL,17700
302,2931905,BA,TUCANO,52540
303,2932002,BA,UAUÁ,25773
304,2932101,BA,UBAÍRA,20800
305,2932408,BA,UIBAÍ,14474
306,2932457,BA,UMBURANAS,19522
307,2932606,BA,URANDI,17356
308,2932804,BA,UTINGA,19780
309,2933000,BA,VALENTE,28743
310,2933059,BA,VÁRZEA DA ROÇA,14662
311,2933109,BA,VÁRZEA DO POÇO,9449
312,2933158,BA,VÁRZEA NOVA,13454
313,2933307,BA,VITÓRIA DA CONQUISTA,348718
314,2933406,BA,WAGNER,9753
315,2933455,BA,WANDERLEY,12935
316,2933604,BA,XIQUE-XIQUE,48365
317,2300101,CE,ABAIARA,11605
318,2300150,CE,ACARAPE,16543
319,2300200,CE,ACARAÚ,62199
320,2300309,CE,ACOPIARA,53572
321,2300408,CE,AIUABA,17194
322,2300507,CE,ALCÂNTARAS,11459
323,2300606,CE,ALTANEIRA,7479
324,2300705,CE,ALTO SANTO,16976
325,2300754,CE,AMONTADA,42901
326,2300804,CE,ANTONINA DO NORTE,7278
327,2300903,CE,APUIARÉS,14719
328,2301109,CE,ARACATI,73629
329,2301208,CE,ARACOIABA,26269
330,2301257,CE,ARARENDÁ,10823
331,2301307,CE,ARARIPE,21398
332,2301406,CE,ARATUBA,11244
333,2301505,CE,ARNEIROZ,7777
334,2301604,CE,ASSARÉ,23254
335,2301703,CE,AURORA,24496
336,2301802,CE,BAIXIO,6228
337,2301851,CE,BANABUIÚ,18027
338,2301901,CE,BARBALHA,59811
339,2301950,CE,BARREIRA,20978
340,2302008,CE,BARRO,22440
341,2302057,CE,BARROQUINHA,14880
342,2302107,CE,BATURITÉ,35351
343,2302206,CE,BEBERIBE,53110
344,2302305,CE,BELA CRUZ,32378
345,2302404,CE,BOA VIAGEM,54049
346,2302503,CE,BREJO SANTO,48830
347,2302602,CE,CAMOCIM,62985
348,2302701,CE,CAMPOS SALES,27209
349,2302800,CE,CANINDÉ,77514
350,2302909,CE,CAPISTRANO,17668
351,2303006,CE,CARIDADE,22320
352,2303105,CE,CARIRÉ,18660
353,2303204,CE,CARIRIAÇU,26892
354,2303303,CE,CARIÚS,18804
355,2303402,CE,CARNAUBAL,17631
356,2303501,CE,CASCAVEL,71079
357,2303600,CE,CATARINA,20451
358,2303659,CE,CATUNDA,10365
359,2303709,CE,CAUCAIA,362223
360,2303808,CE,CEDRO,25063
361,2303907,CE,CHAVAL,12952
362,2303931,CE,CHORÓ,13384
363,2303956,CE,CHOROZINHO,19197
364,2304004,CE,COREAÚ,23107
365,2304103,CE,CRATEÚS,74426
366,2304202,CE,CRATO,130604
367,2304236,CE,CROATÁ,17874
368,2304251,CE,CRUZ,23983
369,2304269,CE,DEPUTADO IRAPUAN PINHEIRO,9521
370,2304277,CE,ERERÊ,7163
371,2304301,CE,FARIAS BRITO,18720
372,2304350,CE,FORQUILHA,24047
373,2304459,CE,FORTIM,16272
374,2304509,CE,FRECHEIRINHA,13669
375,2304608,CE,GENERAL SAMPAIO,6922
376,2304657,CE,GRAÇA,15307
377,2304707,CE,GRANJA,54365
378,2304806,CE,GRANJEIRO,4425
379,2304905,CE,GROAÍRAS,11012
380,2304954,CE,GUAIÚBA,26331
381,2305001,CE,GUARACIABA DO NORTE,39445
382,2305100,CE,GUARAMIRANGA,3547
383,2305209,CE,HIDROLÂNDIA,20215
384,2305233,CE,HORIZONTE,65928
385,2305266,CE,IBARETAMA,13218
386,2305308,CE,IBIAPINA,24825
387,2305332,CE,IBICUITINGA,12350
388,2305357,CE,ICAPUÍ,19685
389,2305407,CE,ICÓ,67486
390,2305506,CE,IGUATU,102614
391,2305605,CE,INDEPENDÊNCIA,25967
392,2305654,CE,IPAPORANGA,11499
393,2305704,CE,IPAUMIRIM,12349
394,2305803,CE,IPU,41576
395,2305902,CE,IPUEIRAS,37896
396,2306009,CE,IRACEMA,14125
397,2306108,CE,IRAUÇUBA,23858
398,2306207,CE,ITAIÇABA,7738
399,2306306,CE,ITAPAJÉ,51945
400,2306405,CE,ITAPIPOCA,127465
401,2306504,CE,ITAPIÚNA,20014
402,2306553,CE,ITAREMA,41230
403,2306603,CE,ITATIRA,20675
404,2306702,CE,JAGUARETAMA,17958
405,2306801,CE,JAGUARIBARA,11295
406,2306900,CE,JAGUARIBE,34448
407,2307007,CE,JAGUARUANA,33740
408,2307106,CE,JARDIM,27076
409,2307205,CE,JATI,7847
410,2307254,CE,JIJOCA DE JERICOACOARA,19510
411,2307304,CE,JUAZEIRO DO NORTE,270383
412,2307403,CE,JUCÁS,24597
413,2307502,CE,LAVRAS DA MANGABEIRA,31335
414,2307601,CE,LIMOEIRO DO NORTE,58915
415,2307635,CE,MADALENA,19800
416,2307700,CE,MARANGUAPE,126486
417,2307809,CE,MARCO,26981
418,2307908,CE,MARTINÓPOLE,11082
419,2308005,CE,MASSAPÊ,38210
420,2308104,CE,MAURITI,46548
421,2308203,CE,MERUOCA,14948
422,2308302,CE,MILAGRES,28231
423,2308351,CE,MILHÃ,13136
424,2308377,CE,MIRAÍMA,13583
425,2308401,CE,MISSÃO VELHA,35409
426,2308500,CE,MOMBAÇA,43735
427,2308609,CE,MONSENHOR TABOSA,17038
428,2308708,CE,MORADA NOVA,61548
429,2308807,CE,MORAÚJO,8636
430,2308906,CE,MORRINHOS,22222
431,2309003,CE,MUCAMBO,14377
432,2309102,CE,MULUNGU,12831
433,2309201,CE,NOVA OLINDA,15433
434,2309300,CE,NOVA RUSSAS,32035
435,2309409,CE,NOVO ORIENTE,28353
436,2309458,CE,OCARA,25394
437,2309508,CE,ORÓS,21292
438,2309607,CE,PACAJUS,70911
439,2309805,CE,PACOTI,11960
440,2309904,CE,PACUJÁ,6202
441,2310001,CE,PALHANO,9285
442,2310100,CE,PALMÁCIA,13145
443,2310308,CE,PARAMBU,31137
444,2310407,CE,PARAMOTI,11578
445,2310506,CE,PEDRA BRANCA,42841
446,2310605,CE,PENAFORTE,8956
447,2310704,CE,PENTECOSTE,37077
448,2310803,CE,PEREIRO,16163
449,2310902,CE,PIQUET CARNEIRO,16731
450,2310951,CE,PIRES FERREIRA,10784
451,2311009,CE,PORANGA,12243
452,2311108,CE,PORTEIRAS,14921
453,2311207,CE,POTENGI,10918
454,2311231,CE,POTIRETAMA,6356
455,2311264,CE,QUITERIANÓPOLIS,20860
456,2311306,CE,QUIXADÁ,86605
457,2311355,CE,QUIXELÔ,14860
458,2311405,CE,QUIXERAMOBIM,78658
459,2311504,CE,QUIXERÉ,21876
460,2311603,CE,REDENÇÃO,27441
461,2311702,CE,RERIUTABA,18769
462,2311801,CE,RUSSAS,76475
463,2311900,CE,SABOEIRO,15678
464,2311959,CE,SALITRE,16331
465,2312205,CE,SANTA QUITÉRIA,43360
466,2312007,CE,SANTANA DO ACARAÚ,32023
467,2312106,CE,SANTANA DO CARIRI,17489
468,2312304,CE,SÃO BENEDITO,46648
469,2312403,CE,SÃO GONÇALO DO AMARANTE,48265
470,2312502,CE,SÃO JOÃO DO JAGUARIBE,7621
471,2312601,CE,SÃO LUÍS DO CURU,12849
472,2312700,CE,SENADOR POMPEU,26447
473,2312809,CE,SENADOR SÁ,7513
474,2312908,CE,SOBRAL,205529
475,2313005,CE,SOLONÓPOLE,18158
476,2313104,CE,TABULEIRO DO NORTE,30489
477,2313203,CE,TAMBORIL,25525
478,2313252,CE,TARRAFAS,8852
479,2313302,CE,TAUÁ,58119
480,2313351,CE,TEJUÇUOCA,18902
481,2313401,CE,TIANGUÁ,74719
482,2313500,CE,TRAIRI,55207
483,2313559,CE,TURURU,15935
484,2313609,CE,UBAJARA,34332
485,2313708,CE,UMARI,7671
486,2313757,CE,UMIRIM,19679
487,2313807,CE,URUBURETAMA,21609
488,2313906,CE,URUOCA,13677
489,2313955,CE,VARJOTA,18239
490,2314003,CE,VÁRZEA ALEGRE,40440
491,2314102,CE,VIÇOSA DO CEARÁ,60030
492,2100907,MA,ARAIOSES,46074
493,2112209,MA,TIMON,167619
494,3101003,MG,ÁGUAS VERMELHAS,13576
495,3101706,MG,ALMENARA,41794
496,3103405,MG,ARAÇUAÍ,37361
497,3105202,MG,BANDEIRA,4984
498,3106507,MG,BERILO,12360
499,3106655,MG,BERIZAL,4720
500,3108255,MG,BONITO DE MINAS,10951
501,3109402,MG,BURITIZEIRO,28335
502,3102704,MG,CACHOEIRA DE PAJEÚ,9479
503,3112703,MG,CAPITÃO ENÉAS,15237
504,3113008,MG,CARAÍ,23781
505,3115474,MG,CATUTI,5151
506,3116100,MG,CHAPADA DO NORTE,15675
507,3117009,MG,COMERCINHO,7599
508,3117836,MG,CÔNEGO MARINHO,7624
509,3119500,MG,CORONEL MURTA,9411
510,3120300,MG,CRISTÁLIA,6042
511,3120870,MG,CURRAL DE DENTRO,7623
512,3122355,MG,DIVISA ALEGRE,6625
513,3122454,MG,DIVISÓPOLIS,10547
514,3124302,MG,ESPINOSA,32214
515,3125606,MG,FELISBURGO,7431
516,3126505,MG,FRANCISCO BADARÓ,10557
517,3126703,MG,FRANCISCO SÁ,26428
518,3127073,MG,FRUTA DE LEITE,5709
519,3127339,MG,GAMELEIRAS,5246
520,3127800,MG,GRÃO MOGOL,15931
521,3129657,MG,IBIRACATU,6165
522,3130655,MG,INDAIABIRA,7524
523,3132107,MG,ITACARAMBI,18443
524,3133303,MG,ITAOBIM,21559
525,3134004,MG,ITINGA,15147
526,3134707,MG,JACINTO,12561
527,3135050,MG,JAÍBA,37939
528,3135100,MG,JANAÚBA,71653
529,3135209,MG,JANUÁRIA,68584
530,3135357,MG,JAPONVAR,8683
531,3135456,MG,JENIPAPO DE MINAS,7672
532,3135803,MG,JEQUITINHONHA,25560
533,3136009,MG,JOAÍMA,15634
534,3136504,MG,JORDÂNIA,10901
535,3136520,MG,JOSÉ GONÇALVES DE MINAS,4631
536,3136579,MG,JOSENÓPOLIS,4877
537,3136959,MG,JUVENÍLIA,5860
538,3138658,MG,LONTRA,9044
539,3139250,MG,MAMONAS,6624
540,3139300,MG,MANGA,19372
541,3140555,MG,MATA VERDE,8539
542,3140852,MG,MATIAS CARDOSO,10999
543,3141009,MG,MATO VERDE,12849
544,3141405,MG,MEDINA,21409
545,3142254,MG,MIRAVÂNIA,4885
546,3142700,MG,MONTALVÂNIA,15603
547,3142908,MG,MONTE AZUL,21783
548,3143153,MG,MONTE FORMOSO,4936
549,3143450,MG,MONTEZUMA,8168
550,3144656,MG,NINHEIRA,10375
551,3145059,MG,NOVA PORTEIRINHA,7648
552,3145307,MG,NOVO CRUZEIRO,31884
553,3145372,MG,NOVORIZONTE,5308
554,3146255,MG,PADRE CARVALHO,6338
555,3146305,MG,PADRE PARAÍSO,20177
556,3146552,MG,PAI PEDRO,6184
557,3147956,MG,PATIS,5976
558,3148707,MG,PEDRA AZUL,24748
559,3149150,MG,PEDRAS DE MARIA DA CRUZ,11396
560,3151206,MG,PIRAPORA,56706
561,3152170,MG,PONTO DOS VOLANTES,12138
562,3152204,MG,PORTEIRINHA,38741
563,3154507,MG,RIACHO DOS MACHADOS,9672
564,3155603,MG,RIO PARDO DE MINAS,31016
565,3156502,MG,RUBELITA,6789
566,3156601,MG,RUBIM,10377
567,3157005,MG,SALINAS,41678
568,3157104,MG,SALTO DA DIVISA,7127
569,3157377,MG,SANTA CRUZ DE SALINAS,4337
570,3157609,MG,SANTA FÉ DE MINAS,3985
571,3158102,MG,SANTA MARIA DO SALTO,5381
572,3160454,MG,SANTO ANTÔNIO DO RETIRO,7339
573,3161106,MG,SÃO FRANCISCO,56805
574,3162401,MG,SÃO JOÃO DA PONTE,25856
575,3162450,MG,SÃO JOÃO DAS MISSÕES,12862
576,3162708,MG,SÃO JOÃO DO PARAÍSO,23729
577,3164209,MG,SÃO ROMÃO,11892
578,3166956,MG,SERRANÓPOLIS DE MINAS,4769
579,3168002,MG,TAIOBEIRAS,33824
580,3170651,MG,VARGEM GRANDE DO RIO PARDO,5032
581,3170800,MG,VÁRZEA DA PALMA,39128
582,3170909,MG,VARZELÂNDIA,19723
583,3171030,MG,VERDELÂNDIA,9220
584,3171600,MG,VIRGEM DA LAPA,14043
585,2500106,PB,ÁGUA BRANCA,10258
586,2500205,PB,AGUIAR,5562
587,2500304,PB,ALAGOA GRANDE,28565
588,2500403,PB,ALAGOA NOVA,20689
589,2500502,PB,ALAGOINHA,14464
590,2500536,PB,ALCANTIL,5499
591,2500577,PB,ALGODÃO DE JANDAÍRA,2501
592,2500734,PB,AMPARO,2246
593,2500775,PB,APARECIDA,8430
594,2500809,PB,ARAÇAGI,17003
595,2500908,PB,ARARA,13538
596,2501005,PB,ARARUNA,20418
597,2501104,PB,AREIA,22776
598,2501153,PB,AREIA DE BARAÚNAS,2126
599,2501203,PB,AREIAL,6975
600,2501302,PB,AROEIRAS,19154
601,2501351,PB,ASSUNÇÃO,3921
602,2501500,PB,BANANEIRAS,21156
603,2501534,PB,BARAÚNA,4925
604,2501609,PB,BARRA DE SANTA ROSA,15421
605,2501575,PB,BARRA DE SANTANA,8241
606,2501708,PB,BARRA DE SÃO MIGUEL,5979
607,2501906,PB,BELÉM,17685
608,2502003,PB,BELÉM DO BREJO DO CRUZ,7347
609,2502052,PB,BERNARDINO BATISTA,3438
610,2502102,PB,BOA VENTURA,5349
611,2502151,PB,BOA VISTA,7083
612,2502201,PB,BOM JESUS,2567
613,2502300,PB,BOM SUCESSO,4972
614,2502409,PB,BONITO DE SANTA FÉ,11938
615,2502508,PB,BOQUEIRÃO,17842
616,2502706,PB,BORBOREMA,5430
617,2502805,PB,BREJO DO CRUZ,14107
618,2502904,PB,BREJO DOS SANTOS,6457
619,2503100,PB,CABACEIRAS,5570
620,2503308,PB,CACHOEIRA DOS ÍNDIOS,10265
621,2503407,PB,CACIMBA DE AREIA,3749
622,2503506,PB,CACIMBA DE DENTRO,17156
623,2503555,PB,CACIMBAS,7183
624,2503605,PB,CAIÇARA,7283
625,2503704,PB,CAJAZEIRAS,62187
626,2503753,PB,CAJAZEIRINHAS,3197
627,2503803,PB,CALDAS BRANDÃO,6025
628,2503902,PB,CAMALAÚ,6020
629,2504009,PB,CAMPINA GRANDE,410332
630,2504074,PB,CARAÚBAS,4171
631,2504108,PB,CARRAPATEIRA,2667
632,2504157,PB,CASSERENGUE,7476
633,2504207,PB,CATINGUEIRA,4934
634,2504306,PB,CATOLÉ DO ROCHA,30534
635,2504355,PB,CATURITÉ,4839
636,2504405,PB,CONCEIÇÃO,18944
637,2504504,PB,CONDADO,6753
638,2504702,PB,CONGO,4789
639,2504801,PB,COREMAS,15426
640,2504850,PB,COXIXOLA,1925
641,2505006,PB,CUBATI,7274
642,2505105,PB,CUITÉ,20348
643,2505204,PB,CUITEGI,6790
644,2505303,PB,CURRAL VELHO,2517
645,2505352,PB,DAMIÃO,5343
646,2505402,PB,DESTERRO,8306
647,2505600,PB,DIAMANTE,6550
648,2505709,PB,DONA INÊS,10383
649,2505808,PB,DUAS ESTRADAS,3594
650,2505907,PB,EMAS,3528
651,2506004,PB,ESPERANÇA,33266
652,2506103,PB,FAGUNDES,11313
653,2506202,PB,FREI MARTINHO,2990
654,2506251,PB,GADO BRAVO,8435
655,2506301,PB,GUARABIRA,58881
656,2506400,PB,GURINHÉM,14134
657,2506509,PB,GURJÃO,3436
658,2506608,PB,IBIARA,5925
659,2502607,PB,IGARACY,6173
660,2506707,PB,IMACULADA,11833
661,2506806,PB,INGÁ,18163
662,2506905,PB,ITABAIANA,24475
663,2507002,PB,ITAPORANGA,24842
664,2507200,PB,ITATUBA,10876
665,2507408,PB,JERICÓ,7742
666,2513653,PB,JOCA CLAUDINO,2690
667,2507606,PB,JUAREZ TÁVORA,7950
668,2507705,PB,JUAZEIRINHO,18213
669,2507804,PB,JUNCO DO SERIDÓ,7165
670,2508000,PB,JURU,9868
671,2508109,PB,LAGOA,4666
672,2508208,PB,LAGOA DE DENTRO,7670
673,2508307,PB,LAGOA SECA,27543
674,2508406,PB,LASTRO,2725
675,2508505,PB,LIVRAMENTO,7386(4)
676,2508554,PB,LOGRADOURO,4343
677,2508703,PB,MÃE D'ÁGUA,4009
678,2508802,PB,MALTA,5665
679,2509008,PB,MANAÍRA,11120
680,2509156,PB,MARIZÓPOLIS,6614
681,2509206,PB,MASSARANDUBA,13853
682,2509339,PB,MATINHAS,4537
683,2509370,PB,MATO GROSSO,2915
684,2509396,PB,MATURÉIA,6587
685,2509404,PB,MOGEIRO,13286
686,2509503,PB,MONTADAS,5691
687,2509602,PB,MONTE HOREBE,4825
688,2509701,PB,MONTEIRO,33294
689,2509800,PB,MULUNGU,9922
690,2509909,PB,NATUBA,10460
691,2510006,PB,NAZAREZINHO,7296
692,2510105,PB,NOVA FLORESTA,10639
693,2510204,PB,NOVA OLINDA,5944
694,2510303,PB,NOVA PALMEIRA,4910
695,2510402,PB,OLHO D'ÁGUA,6512
696,2510501,PB,OLIVEDOS,3951
697,2510600,PB,OURO VELHO,3042
698,2510659,PB,PARARI,1769
699,2510709,PB,PASSAGEM,2424
700,2510808,PB,PATOS,107790
701,2510907,PB,PAULISTA,12308
702,2511004,PB,PEDRA BRANCA,3803
703,2511103,PB,PEDRA LAVRADA,8122
704,2511301,PB,PIANCÓ,16091
705,2511400,PB,PICUÍ,18737
706,2511608,PB,PILÕES,6607
707,2511707,PB,PILÕEZINHOS,5080
708,2511806,PB,PIRPIRITUBA,10585
709,2512002,PB,POCINHOS,18622
710,2512036,PB,POÇO DANTAS,3770
711,2512077,PB,POÇO DE JOSÉ DE MOURA,4318
712,2512101,PB,POMBAL,32766
713,2512200,PB,PRATA,4179
714,2512309,PB,PRINCESA ISABEL,23489
715,2512408,PB,PUXINANÃ,13715
716,2512507,PB,QUEIMADAS,44214
717,2512606,PB,QUIXABA,1964
718,2512705,PB,REMÍGIO,19579
719,2512747,PB,RIACHÃO,3607
720,2512754,PB,RIACHÃO DO BACAMARTE,4529
721,2512788,PB,RIACHO DE SANTO ANTÔNIO,1985
722,2512804,PB,RIACHO DOS CAVALOS,8609
723,2513000,PB,SALGADINHO,3980
724,2513109,PB,SALGADO DE SÃO FÉLIX,12145
725,2513158,PB,SANTA CECÍLIA,6557
726,2513208,PB,SANTA CRUZ,6585
727,2513307,PB,SANTA HELENA,5887
728,2513356,PB,SANTA INÊS,3596
729,2513406,PB,SANTA LUZIA,15401
730,2513802,PB,SANTA TERESINHA,4573
731,2513505,PB,SANTANA DE MANGUEIRA,5159
732,2513604,PB,SANTANA DOS GARROTES,7024
733,2513851,PB,SANTO ANDRÉ,2519
734,2513927,PB,SÃO BENTINHO,4540
735,2513901,PB,SÃO BENTO,34215
736,2513968,PB,SÃO DOMINGOS,3120
737,2513943,PB,SÃO DOMINGOS DO CARIRI,2601
738,2513984,PB,SÃO FRANCISCO,3363
739,2514008,PB,SÃO JOÃO DO CARIRI,4296
740,2500700,PB,SÃO JOÃO DO RIO DO PEIXE,17940
741,2514107,PB,SÃO JOÃO DO TIGRE,4423
742,2514206,PB,SÃO JOSÉ DA LAGOA TAPADA,7679
743,2514305,PB,SÃO JOSÉ DE CAIANA,6279
744,2514404,PB,SÃO JOSÉ DE ESPINHARAS,4635
745,2514503,PB,SÃO JOSÉ DE PIRANHAS,20163
746,2514552,PB,SÃO JOSÉ DE PRINCESA,3842
747,2514602,PB,SÃO JOSÉ DO BONFIM,3566
748,2514651,PB,SÃO JOSÉ DO BREJO DO CRUZ,1806
749,2514701,PB,SÃO JOSÉ DO SABUGI,4145
750,2514800,PB,SÃO JOSÉ DOS CORDEIROS,3711
751,2514453,PB,SÃO JOSÉ DOS RAMOS,5969
752,2514909,PB,SÃO MAMEDE,7721
753,2515104,PB,SÃO SEBASTIÃO DE LAGOA DE ROÇA,11845
754,2515203,PB,SÃO SEBASTIÃO DO UMBUZEIRO,3496
755,2515401,PB,SÃO VICENTE DO SERIDÓ,11084
756,2515500,PB,SERRA BRANCA,13707
757,2515609,PB,SERRA DA RAIZ,3121
758,2515708,PB,SERRA GRANDE,3100
759,2515807,PB,SERRA REDONDA,7020
760,2515906,PB,SERRARIA,6093
761,2515930,PB,SERTÃOZINHO,5044
762,2516003,PB,SOLÂNEA,26376
763,2516102,PB,SOLEDADE,14987
764,2516151,PB,SOSSÊGO,3567
765,2516201,PB,SOUSA,69554
766,2516300,PB,SUMÉ,16957
767,2516409,PB,TACIMA,10967
768,2516508,PB,TAPEROÁ,15276(5)
769,2516607,PB,TAVARES,14661
770,2516706,PB,TEIXEIRA,15191
771,2516755,PB,TENÓRIO,3066
772,2516805,PB,TRIUNFO,9482
773,2516904,PB,UIRAÚNA,15382
774,2517001,PB,UMBUZEIRO,9913
775,2517100,PB,VÁRZEA,2820
776,2517209,PB,VIEIRÓPOLIS,5358
777,2505501,PB,VISTA SERRANA,3808
778,2517407,PB,ZABELÊ,2245
779,2600104,PE,AFOGADOS DA INGAZEIRA,37017
780,2600203,PE,AFRÂNIO,19411
781,2600302,PE,AGRESTINA,24644
782,2600500,PE,ÁGUAS BELAS,43087
783,2600609,PE,ALAGOINHA,14517
784,2600807,PE,ALTINHO,22896
785,2601003,PE,ANGELIM,11045
786,2601102,PE,ARARIPINA,83757
787,2601201,PE,ARCOVERDE,73667
788,2601607,PE,BELÉM DO SÃO FRANCISCO,20670
789,2601706,PE,BELO JARDIM,75986
790,2601805,PE,BETÂNIA,12637
791,2601904,PE,BEZERROS,60549
792,2602001,PE,BODOCÓ,37816
793,2602100,PE,BOM CONSELHO,48214
794,2602209,PE,BOM JARDIM,39025
795,2602407,PE,BREJÃO,8973
796,2602506,PE,BREJINHO,7465
797,2602605,PE,BREJO DA MADRE DE DEUS,50138
798,2602803,PE,BUÍQUE,57696
799,2603009,PE,CABROBÓ,33856
800,2603108,PE,CACHOEIRINHA,20209
801,2603207,PE,CAETÉS,28500
802,2603306,PE,CALÇADO,11055
803,2603405,PE,CALUMBI,5736
804,2603504,PE,CAMOCIM DE SÃO FÉLIX,18583
805,2603702,PE,CANHOTINHO,24762
806,2603801,PE,CAPOEIRAS,19991
807,2603900,PE,CARNAÍBA,19440
808,2603926,PE,CARNAUBEIRA DA PENHA,12805
809,2604106,PE,CARUARU,356128
810,2604155,PE,CASINHAS,14274
811,2604304,PE,CEDRO,11695
812,2604502,PE,CHÃ GRANDE,21525
813,2604700,PE,CORRENTES,18098
814,2604908,PE,CUMARU,11559
815,2605004,PE,CUPIRA,23977
816,2605103,PE,CUSTÓDIA,36753
817,2605152,PE,DORMENTES,18692
818,2605301,PE,EXU,31790
819,2605608,PE,FLORES,22567
820,2605707,PE,FLORESTA,32483
821,2605806,PE,FREI MIGUELINHO,15328
822,2606002,PE,GARANHUNS,138642
823,2606309,PE,GRANITO,7417
824,2606408,PE,GRAVATÁ,83241
825,2606507,PE,IATI,19100
826,2606606,PE,IBIMIRIM,28985
827,2606705,PE,IBIRAJUBA,7735
828,2606903,PE,IGUARACY,12175
829,2607000,PE,INAJÁ,22801
830,2607109,PE,INGAZEIRA,4542
831,2607307,PE,IPUBI,30447
832,2607406,PE,ITACURUBA,4858
833,2607505,PE,ITAÍBA,26314
834,2607703,PE,ITAPETIM,13638
835,2608008,PE,JATAÚBA,17026
836,2608057,PE,JATOBÁ,14703
837,2608107,PE,JOÃO ALFREDO,33485
838,2608255,PE,JUCATI,11334
839,2608305,PE,JUPI,14712
840,2608404,PE,JUREMA,15284
841,2608602,PE,LAGOA DO OURO,13033
842,2608701,PE,LAGOA DOS GATOS,16218
843,2608750,PE,LAGOA GRANDE,25294
844,2608800,PE,LAJEDO,39888
845,2609154,PE,MANARI,21047
846,2609303,PE,MIRANDIBA,15270
847,2614303,PE,MOREILÂNDIA,11238
848,2609709,PE,OROBÓ,23768
849,2609808,PE,OROCÓ,14794
850,2609907,PE,OURICURI,68776
851,2610103,PE,PALMEIRINA,7761
852,2610202,PE,PANELAS,26417
853,2610301,PE,PARANATAMA,11449
854,2610400,PE,PARNAMIRIM,21383
855,2610509,PE,PASSIRA,28889
856,2610806,PE,PEDRA,22505
857,2610905,PE,PESQUEIRA,66881
858,2611002,PE,PETROLÂNDIA,36108
859,2611101,PE,PETROLINA,343219
860,2611200,PE,POÇÃO,11268
861,2611309,PE,POMBOS,26960
862,2611533,PE,QUIXABA,6802
863,2611705,PE,RIACHO DAS ALMAS,20392
864,2612000,PE,SAIRÉ,10065
865,2612109,PE,SALGADINHO,10747
866,2612208,PE,SALGUEIRO,60453
867,2612307,PE,SALOÁ,15779
868,2612406,PE,SANHARÓ,25979
869,2612455,PE,SANTA CRUZ,15202
870,2612471,PE,SANTA CRUZ DA BAIXA VERDE,12501
871,2612505,PE,SANTA CRUZ DO CAPIBARIBE,105761
872,2612554,PE,SANTA FILOMENA,14355
873,2612604,PE,SANTA MARIA DA BOA VISTA,41652
874,2612703,PE,SANTA MARIA DO CAMBUCÁ,14013
875,2612802,PE,SANTA TEREZINHA,11734
876,2613008,PE,SÃO BENTO DO UNA,58824
877,2613107,PE,SÃO CAITANO,37023
878,2613206,PE,SÃO JOÃO,22628
879,2613305,PE,SÃO JOAQUIM DO MONTE,21257
880,2613503,PE,SÃO JOSÉ DO BELMONTE,33804
881,2613602,PE,SÃO JOSÉ DO EGITO,33704
882,2613909,PE,SERRA TALHADA,85568
883,2614006,PE,SERRITA,19080
884,2614105,PE,SERTÂNIA,35670
885,2614402,PE,SOLIDÃO,5978
886,2614501,PE,SURUBIM,64373
887,2614600,PE,TABIRA,28301
888,2614709,PE,TACAIMBÓ,12853
889,2614808,PE,TACARATU,25368
890,2615003,PE,TAQUARITINGA DO NORTE,28358
891,2615102,PE,TEREZINHA,7120
892,2615201,PE,TERRA NOVA,10437
893,2615409,PE,TORITAMA,44189
894,2615607,PE,TRINDADE,30155
895,2615706,PE,TRIUNFO,15221
896,2615805,PE,TUPANATINGA,26990
897,2615904,PE,TUPARETAMA,8169
898,2616001,PE,VENTUROSA,18258
899,2616100,PE,VERDEJANTE,9490
900,2616183,PE,VERTENTE DO LÉRIO,7641
901,2616209,PE,VERTENTES,20460
902,2200053,PI,ACAUÃ,6966
903,2200251,PI,ALAGOINHA DO PIAUÍ,7526
904,2200277,PI,ALEGRETE DO PIAUÍ,4838
905,2200301,PI,ALTO LONGÁ,14070
906,2200400,PI,ALTOS,39864
907,2200459,PI,ALVORADA DO GURGUÉIA,5326
908,2200509,PI,AMARANTE,17322
909,2200608,PI,ANGICAL DO PIAUÍ,6684
910,2200707,PI,ANÍSIO DE ABREU,9705
911,2200905,PI,AROAZES,5748
912,2200954,PI,AROEIRAS DO ITAIM,2511
913,2201002,PI,ARRAIAL,4656
914,2201051,PI,ASSUNÇÃO DO PIAUÍ,7717
915,2201101,PI,AVELINO LOPES,11503
916,2201176,PI,BARRA D'ALCÂNTARA,3889
917,2201200,PI,BARRAS,46291
918,2201507,PI,BATALHA,26421
919,2201556,PI,BELA VISTA DO PIAUÍ,3947
920,2201572,PI,BELÉM DO PIAUÍ,3503
921,2201606,PI,BENEDITINOS,10037
922,2201705,PI,BERTOLÍNIA,5413
923,2201739,PI,BETÂNIA DO PIAUÍ,6106
924,2201770,PI,BOA HORA,6663
925,2201804,PI,BOCAINA,4428
926,2201903,PI,BOM JESUS,24711
927,2201919,PI,BOM PRINCÍPIO DO PIAUÍ,5535
928,2201929,PI,BONFIM DO PIAUÍ,5577
929,2201945,PI,BOQUEIRÃO DO PIAUÍ,6300
930,2201960,PI,BRASILEIRA,8192
931,2201988,PI,BREJO DO PIAUÍ,3823
932,2202000,PI,BURITI DOS LOPES,19464
933,2202026,PI,BURITI DOS MONTES,8108
934,2202059,PI,CABECEIRAS DO PIAUÍ,10406
935,2202075,PI,CAJAZEIRAS DO PIAUÍ,3497
936,2202091,PI,CALDEIRÃO GRANDE DO PIAUÍ,5684
937,2202109,PI,CAMPINAS DO PIAUÍ,5522
938,2202117,PI,CAMPO ALEGRE DO FIDALGO,4957
939,2202133,PI,CAMPO GRANDE DO PIAUÍ,5842
940,2202208,PI,CAMPO MAIOR,46082
941,2202251,PI,CANAVIEIRA,3892
942,2202307,PI,CANTO DO BURITI,20831
943,2202406,PI,CAPITÃO DE CAMPOS,11229
944,2202455,PI,CAPITÃO GERVÁSIO OLIVEIRA,4033
945,2202505,PI,CARACOL,10729
946,2202539,PI,CARAÚBAS DO PIAUÍ,5769
947,2202554,PI,CARIDADE DO PIAUÍ,4982
948,2202604,PI,CASTELO DO PIAUÍ,19410
949,2202653,PI,CAXINGÓ,5330
950,2202703,PI,COCAL,27338
951,2202711,PI,COCAL DE TELHA,4812
952,2202729,PI,COCAL DOS ALVES,6054
953,2202737,PI,COIVARAS,3953
954,2202752,PI,COLÔNIA DO GURGUÉIA,6372
955,2202778,PI,COLÔNIA DO PIAUÍ,7536
956,2202802,PI,CONCEIÇÃO DO CANINDÉ,4726
957,2202851,PI,CORONEL JOSÉ DIAS,4608
958,2202901,PI,CORRENTE,26205
959,2203008,PI,CRISTALÂNDIA DO PIAUÍ,8154
960,2203107,PI,CRISTINO CASTRO,10253
961,2203206,PI,CURIMATÁ,11190
962,2203230,PI,CURRAIS,4871
963,2203271,PI,CURRAL NOVO DO PIAUÍ,5251
964,2203305,PI,DEMERVAL LOBÃO,13595
965,2203354,PI,DIRCEU ARCOVERDE,6896
966,2203404,PI,DOM EXPEDITO LOPES,6790
967,2203453,PI,DOM INOCÊNCIO,9404
968,2203420,PI,DOMINGOS MOURÃO,4287
969,2203503,PI,ELESBÃO VELOSO,14383
970,2203602,PI,ELISEU MARTINS,4834
971,2203750,PI,FARTURA DO PIAUÍ,5220
972,2203800,PI,FLORES DO PIAUÍ,4393
973,2203859,PI,FLORESTA DO PIAUÍ,2518
974,2203909,PI,FLORIANO,58969
975,2204006,PI,FRANCINÓPOLIS,5264
976,2204105,PI,FRANCISCO AYRES,4288
977,2204154,PI,FRANCISCO MACEDO,3128
978,2204204,PI,FRANCISCO SANTOS,9154
979,2204303,PI,FRONTEIRAS,11432
980,2204352,PI,GEMINIANO,5352
981,2204550,PI,GUARIBAS,4489
982,2204659,PI,ILHA GRANDE,9268
983,2204709,PI,INHUMA,15065
984,2204808,PI,IPIRANGA DO PIAUÍ,9649
985,2204907,PI,ISAÍAS COELHO,8428
986,2205003,PI,ITAINÓPOLIS,11343
987,2205102,PI,ITAUEIRA,10845
988,2205151,PI,JACOBINA DO PIAUÍ,5656
989,2205201,PI,JAICÓS,18782
990,2205250,PI,JARDIM DO MULATO,4430
991,2205276,PI,JATOBÁ DO PIAUÍ,4786
992,2205359,PI,JOÃO COSTA,2961
993,2205508,PI,JOSÉ DE FREITAS,38550
994,2205516,PI,JUAZEIRO DO PIAUÍ,5391
995,2205524,PI,JÚLIO BORGES,5534
996,2205532,PI,JUREMA,4683
997,2205573,PI,LAGOA DE SÃO FRANCISCO,6646
998,2205565,PI,LAGOA DO BARRO DO PIAUÍ,4582
999,2205581,PI,LAGOA DO PIAUÍ,3996
1000,2205599,PI,LAGOA DO SÍTIO,5087
1001,2205706,PI,LUÍS CORREIA,29792
1002,2205904,PI,MANOEL EMÍDIO,5266
1003,2205953,PI,MARCOLÂNDIA,8342
1004,2206050,PI,MASSAPÊ DO PIAUÍ,6338
1005,2206357,PI,MILTON BRANDÃO,6511
1006,2206407,PI,MONSENHOR GIL,10409
1007,2206506,PI,MONSENHOR HIPÓLITO,7621
1008,2206654,PI,MORRO CABEÇA NO TEMPO,4066
1009,2206704,PI,NAZARÉ DO PIAUÍ,7231
1010,2206753,PI,NOSSA SENHORA DE NAZARÉ,4786
1011,2207959,PI,NOVA SANTA RITA,4302
1012,2206902,PI,NOVO ORIENTE DO PIAUÍ,6466
1013,2206951,PI,NOVO SANTO ANTÔNIO,2940
1014,2207009,PI,OEIRAS,36432
1015,2207207,PI,PADRE MARCOS,6758
1016,2207306,PI,PAES LANDIM,4065
1017,2207355,PI,PAJEÚ DO PIAUÍ,3333
1018,2207405,PI,PALMEIRA DO PIAUÍ,4967
1019,2207553,PI,PAQUETÁ,3886
1020,2207603,PI,PARNAGUÁ,10613
1021,2207702,PI,PARNAÍBA,150547
1022,2207751,PI,PASSAGEM FRANCA DO PIAUÍ,4500
1023,2207777,PI,PATOS DO PIAUÍ,6288
1024,2207793,PI,PAU D'ARCO DO PIAUÍ,3975
1025,2207801,PI,PAULISTANA,20192
1026,2207850,PI,PAVUSSU,3623
1027,2207900,PI,PEDRO II,38127
1028,2207934,PI,PEDRO LAURENTINO,2495
1029,2208007,PI,PICOS,76928
1030,2208106,PI,PIMENTEIRAS,11935
1031,2208205,PI,PIO IX,18125
1032,2208304,PI,PIRACURUCA,28312
1033,2208403,PI,PIRIPIRI,62733
1034,2208601,PI,PRATA DO PIAUÍ,3103
1035,2208650,PI,QUEIMADA NOVA,8842
1036,2208700,PI,REDENÇÃO DO GURGUÉIA,8634
1037,2208809,PI,REGENERAÇÃO,17698
1038,2208858,PI,RIACHO FRIO,4246
1039,2208874,PI,RIBEIRA DO PIAUÍ,4403
1040,2209005,PI,RIO GRANDE DO PIAUÍ,6331
1041,2209104,PI,SANTA CRUZ DO PIAUÍ,6140
1042,2209153,PI,SANTA CRUZ DOS MILAGRES,3952
1043,2209302,PI,SANTA LUZ,5761
1044,2209377,PI,SANTA ROSA DO PIAUÍ,5175
1045,2209351,PI,SANTANA DO PIAUÍ,4559
1046,2209401,PI,SANTO ANTÔNIO DE LISBOA,6305
1047,2209450,PI,SANTO ANTÔNIO DOS MILAGRES,2125
1048,2209500,PI,SANTO INÁCIO DO PIAUÍ,3731
1049,2209559,PI,SÃO BRAZ DO PIAUÍ,4377
1050,2209609,PI,SÃO FÉLIX DO PIAUÍ,2901
1051,2209658,PI,SÃO FRANCISCO DE ASSIS DO PIAUÍ,5657
1052,2209708,PI,SÃO FRANCISCO DO PIAUÍ,6324
1053,2209757,PI,SÃO GONÇALO DO GURGUÉIA,2988
1054,2209807,PI,SÃO GONÇALO DO PIAUÍ,4931
1055,2209856,PI,SÃO JOÃO DA CANABRAVA,4534
1056,2209872,PI,SÃO JOÃO DA FRONTEIRA,5938
1057,2209906,PI,SÃO JOÃO DA SERRA,6050
1058,2209955,PI,SÃO JOÃO DA VARJOTA,4762
1059,2210003,PI,SÃO JOÃO DO PIAUÍ,20258
1060,2210052,PI,SÃO JOSÉ DO DIVINO,5260
1061,2210102,PI,SÃO JOSÉ DO PEIXE,3689
1062,2210201,PI,SÃO JOSÉ DO PIAUÍ,6602
1063,2210300,PI,SÃO JULIÃO,6261
1064,2210359,PI,SÃO LOURENÇO DO PIAUÍ,4501
1065,2210375,PI,SÃO LUIS DO PIAUÍ,2602
1066,2210383,PI,SÃO MIGUEL DA BAIXA GRANDE,2413
1067,2210391,PI,SÃO MIGUEL DO FIDALGO,2991
1068,2210409,PI,SÃO MIGUEL DO TAPUIO,17395
1069,2210508,PI,SÃO PEDRO DO PIAUÍ,14056
1070,2210607,PI,SÃO RAIMUNDO NONATO,34109
1071,2210623,PI,SEBASTIÃO BARROS,3421
1072,2210631,PI,SEBASTIÃO LEAL,4224
1073,2210656,PI,SIGEFREDO PACHECO,9880
1074,2210706,PI,SIMÕES,14398
1075,2210805,PI,SIMPLÍCIO MENDES,12488
1076,2210904,PI,SOCORRO DO PIAUÍ,4500
1077,2210938,PI,SUSSUAPARA,6612
1078,2210953,PI,TAMBORIL DO PIAUÍ,2870
1079,2210979,PI,TANQUE DO PIAUÍ,2719
1080,2211001,PI,TERESINA,850198
1081,2211308,PI,VALENÇA DO PIAUÍ,20588
1082,2211357,PI,VÁRZEA BRANCA,4873
1083,2211407,PI,VÁRZEA GRANDE,4325
1084,2211506,PI,VERA MENDES,3029
1085,2211605,PI,VILA NOVA DO PIAUÍ,2931
1086,2211704,PI,WALL FERRAZ,4390
1087,2400109,RN,ACARI,11333
1088,2400208,RN,AÇU,58183
1089,2400307,RN,AFONSO BEZERRA,11211
1090,2400406,RN,ÁGUA NOVA,3260
1091,2400505,RN,ALEXANDRIA,13827
1092,2400604,RN,ALMINO AFONSO,4854
1093,2400703,RN,ALTO DO RODRIGUES,14365
1094,2400802,RN,ANGICOS,11909
1095,2400901,RN,ANTÔNIO MARTINS,7237
1096,2401008,RN,APODI,36323
1097,2401107,RN,AREIA BRANCA,27401
1098,2401305,RN,AUGUSTO SEVERO,9768
1099,2401453,RN,BARAÚNA,28085
1100,2401503,RN,BARCELONA,4064
1101,2401602,RN,BENTO FERNANDES,5527
1102,2401651,RN,BODÓ,2307
1103,2401701,RN,BOM JESUS,10254
1104,2401800,RN,BREJINHO,12720
1105,2401859,RN,CAIÇARA DO NORTE,6624
1106,2401909,RN,CAIÇARA DO RIO DO VENTO,3680
1107,2402006,RN,CAICÓ,68222
1108,2402105,RN,CAMPO REDONDO,11244
1109,2402303,RN,CARAÚBAS,20707
1110,2402402,RN,CARNAÚBA DOS DANTAS,8188
1111,2402501,RN,CARNAUBAIS,10715
1112,2402709,RN,CERRO CORÁ,11344
1113,2402808,RN,CORONEL EZEQUIEL,5593
1114,2402907,RN,CORONEL JOÃO PESSOA,4980
1115,2403004,RN,CRUZETA,8147
1116,2403103,RN,CURRAIS NOVOS,45228
1117,2403202,RN,DOUTOR SEVERIANO,7190
1118,2403301,RN,ENCANTO,5666
1119,2403400,RN,EQUADOR,6119
1120,2403707,RN,FELIPE GUERRA,6052
1121,2403756,RN,FERNANDO PEDROZA,3072
1122,2403806,RN,FLORÂNIA,9262
1123,2403905,RN,FRANCISCO DANTAS,2890
1124,2404002,RN,FRUTUOSO GOMES,4180
1125,2404101,RN,GALINHOS,2715
1126,2404309,RN,GOVERNADOR DIX-SEPT ROSADO,13157
1127,2404408,RN,GROSSOS,10386
1128,2404507,RN,GUAMARÉ,15309
1129,2404606,RN,IELMO MARINHO,13714
1130,2404705,RN,IPANGUAÇU,15464
1131,2404804,RN,IPUEIRA,2251
1132,2404853,RN,ITAJÁ,7571
1133,2404903,RN,ITAÚ,5930
1134,2405009,RN,JAÇANÃ,9068
1135,2405108,RN,JANDAÍRA,6942
1136,2405207,RN,JANDUÍS,5386
1137,2405306,RN,JANUÁRIO CICCO,10096
1138,2405405,RN,JAPI,5247
1139,2405504,RN,JARDIM DE ANGICOS,2663
1140,2405603,RN,JARDIM DE PIRANHAS,14858
1141,2405702,RN,JARDIM DO SERIDÓ,12579
1142,2405801,RN,JOÃO CÂMARA,35087
1143,2405900,RN,JOÃO DIAS,2695
1144,2406007,RN,JOSÉ DA PENHA,6050
1145,2406106,RN,JUCURUTU,18530
1146,2406205,RN,LAGOA D'ANTA,6793
1147,2406304,RN,LAGOA DE PEDRAS,7579
1148,2406403,RN,LAGOA DE VELHOS,2771
1149,2406502,RN,LAGOA NOVA,15590
1150,2406601,RN,LAGOA SALGADA,8269
1151,2406700,RN,LAJES,11316
1152,2406809,RN,LAJES PINTADAS,4822
1153,2406908,RN,LUCRÉCIA,4002
1154,2407005,RN,LUÍS GOMES,10211
1155,2407104,RN,MACAÍBA,80031
1156,2407203,RN,MACAU,31859
1157,2407252,RN,MAJOR SALES,4002
1158,2407302,RN,MARCELINO VIEIRA,8492
1159,2407401,RN,MARTINS,8793
1160,2407609,RN,MESSIAS TARGINO,4608
1161,2407807,RN,MONTE ALEGRE,22462
1162,2407906,RN,MONTE DAS GAMELEIRAS,2178
1163,2408003,RN,MOSSORÓ,295619
1164,2408300,RN,NOVA CRUZ,37695
1165,2408409,RN,OLHO D'ÁGUA DO BORGES,4349
1166,2408508,RN,OURO BRANCO,4882
1167,2408607,RN,PARANÁ,4276
1168,2408706,RN,PARAÚ,3859
1169,2408805,RN,PARAZINHO,5258
1170,2408904,RN,PARELHAS,21669
1171,2409100,RN,PASSA E FICA,13099
1172,2409209,RN,PASSAGEM,3109
1173,2409308,RN,PATU,12844
1174,2409407,RN,PAU DOS FERROS,30452
1175,2409506,RN,PEDRA GRANDE,3356
1176,2409605,RN,PEDRA PRETA,2532
1177,2409704,RN,PEDRO AVELINO,6938
1178,2409902,RN,PENDÊNCIAS,15083
1179,2410009,RN,PILÕES,3836
1180,2410108,RN,POÇO BRANCO,15418
1181,2410207,RN,PORTALEGRE,7909
1182,2410256,RN,PORTO DO MANGUE,6789
1183,2410405,RN,PUREZA,9568
1184,2410504,RN,RAFAEL FERNANDES,5115
1185,2410603,RN,RAFAEL GODEIRO,3234
1186,2410702,RN,RIACHO DA CRUZ,3566
1187,2410801,RN,RIACHO DE SANTANA,4277
1188,2410900,RN,RIACHUELO,8075
1189,2411007,RN,RODOLFO FERNANDES,4545
1190,2411106,RN,RUY BARBOSA,3669
1191,2411205,RN,SANTA CRUZ,39667
1192,2409332,RN,SANTA MARIA,5500
1193,2411403,RN,SANTANA DO MATOS,13289
1194,2411429,RN,SANTANA DO SERIDÓ,2701
1195,2411502,RN,SANTO ANTÔNIO,24220
1196,2411601,RN,SÃO BENTO DO NORTE,2846
1197,2411700,RN,SÃO BENTO DO TRAIRÍ,4425
1198,2411809,RN,SÃO FERNANDO,3617
1199,2411908,RN,SÃO FRANCISCO DO OESTE,4238
1200,2412104,RN,SÃO JOÃO DO SABUGI,6260
1201,2412302,RN,SÃO JOSÉ DO CAMPESTRE,13007
1202,2412401,RN,SÃO JOSÉ DO SERIDÓ,4643
1203,2412500,RN,SÃO MIGUEL,23610
1204,2412559,RN,SÃO MIGUEL DO GOSTOSO,9606
1205,2412609,RN,SÃO PAULO DO POTENGI,17572
1206,2412708,RN,SÃO PEDRO,6139
1207,2412807,RN,SÃO RAFAEL,8343
1208,2412906,RN,SÃO TOMÉ,11223
1209,2413003,RN,SÃO VICENTE,6469
1210,2413102,RN,SENADOR ELÓI DE SOUZA,6188
1211,2410306,RN,SERRA CAIADA,10099
1212,2413300,RN,SERRA DE SÃO BENTO,5870
1213,2413359,RN,SERRA DO MEL,11838
1214,2413409,RN,SERRA NEGRA DO NORTE,8175
1215,2413508,RN,SERRINHA,6422
1216,2413557,RN,SERRINHA DOS PINTOS,4841
1217,2413607,RN,SEVERIANO MELO,3150
1218,2413706,RN,SÍTIO NOVO,5528
1219,2413805,RN,TABOLEIRO GRANDE,2566
1220,2413904,RN,TAIPU,12428
1221,2414001,RN,TANGARÁ,15866
1222,2414100,RN,TENENTE ANANIAS,10814
1223,2414159,RN,TENENTE LAURENTINO CRUZ,5912
1224,2411056,RN,TIBAU,4100
1225,2414308,RN,TIMBAÚBA DOS BATISTAS,2437
1226,2414407,RN,TOUROS,34043
1227,2414456,RN,TRIUNFO POTIGUAR,3327
1228,2414506,RN,UMARIZAL,10781
1229,2414605,RN,UPANEMA,14609
1230,2414704,RN,VÁRZEA,5554
1231,2414753,RN,VENHA-VER,4187
1232,2414803,RN,VERA CRUZ,12371
1233,2414902,RN,VIÇOSA,1731
1234,2800100,SE,AMPARO DE SÃO FRANCISCO,2390
1235,2800209,SE,AQUIDABÃ,21589
1236,2801108,SE,CANHOBA,4058
1237,2801207,SE,CANINDÉ DE SÃO FRANCISCO,29372
1238,2801405,SE,CARIRA,21842
1239,2801603,SE,CEDRO DE SÃO JOÃO,5933
1240,2801900,SE,CUMBE,4012
1241,2802205,SE,FEIRA NOVA,5616
1242,2802304,SE,FREI PAULO,15349
1243,2802403,SE,GARARU,11736
1244,2802601,SE,GRACHO CARDOSO,5870
1245,2803104,SE,ITABI,4988
1246,2803708,SE,MACAMBIRA,6920
1247,2804201,SE,MONTE ALEGRE DE SERGIPE,15177
1248,2804458,SE,NOSSA SENHORA APARECIDA,8869
1249,2804508,SE,NOSSA SENHORA DA GLÓRIA,36613
1250,2804607,SE,NOSSA SENHORA DAS DORES,26624
1251,2804706,SE,NOSSA SENHORA DE LOURDES,6530
1252,2805000,SE,PEDRA MOLE,3254
1253,2805208,SE,PINHÃO,6556
1254,2805406,SE,POÇO REDONDO,34529
1255,2805505,SE,POÇO VERDE,23740
1256,2805604,SE,PORTO DA FOLHA,28735
1257,2805703,SE,PROPRIÁ,29834
1258,2806008,SE,RIBEIRÓPOLIS,18641
1259,2807006,SE,SÃO MIGUEL DO ALEIXO,3943
1260,2807105,SE,SIMÃO DIAS,40838
1261,2807303,SE,TELHA,3221
1262,2807402,SE,TOBIAS BARRETO,52156